0x8Df7727e3B5aCC57Be09578dc54CDD53a9dA156C,100
0x0E322262016E94EBE6b17e8396C00D04538b3aED,100
0x04604EcE79E9E0eeE7B1C262223614e02047B74f,100
0xA8B2B5c22E5c13E9F789284b067736D906A5AFa9,100
0x85FAC3f0734Ac360712caED2C0b9782133ed37Da,100
0xbEb1Faa6E7e39c7d9BdaB03a7a362fE9d73D7C61,100
0x1b037167C4b0584Ca5Ef6534648C38F496757FA5,100
0xeF38F892E4722152fD8eDb50cD84a96344FD47Ce,100
0x93606b27cB5e4c780883eC4F6b7Bed5f6572d1dd,100
0xD31bC1e2a214066Bb2258dac5f43Ce75e5542Ab9,100
0x055BCF2c2BC965Ac8EEAe3f95922D65EE45d3366,100
0xc02624Affa30299fA164e7176A37610835A923A7,100
0x9e0a3BD68620abD81226047cA0e1e0c63A2BE36B,100
0x2EF7cD7a130a4bbbD637312a3B4A8E5365296e69,100
0x2ACa45C45580C17E60E80673E2a2595d11009552,100